{
  "('CAPILLAIRES', 1)": 128018.49,
  "('CAPILLAIRES', 2)": 81694.25,
  "('CAPILLAIRES', 3)": 97072.82,
  "('CAPILLAIRES', 4)": 85489.5,
  "('CAPILLAIRES', 5)": 99359.42,
  "('CAPILLAIRES', 6)": 117169.78,
  "('CAPILLAIRES', 7)": 149714.35,
  "('CAPILLAIRES', 8)": 94795.76,
  "('CAPILLAIRES', 9)": 109743.88,
  "('CAPILLAIRES', 10)": 99679.23,
  "('CAPILLAIRES', 11)": 98398.72,
  "('CAPILLAIRES', 12)": 95863.28,
  "('HYGIENE', 1)": 484096.0,
  "('HYGIENE', 2)": 355296.78,
  "('HYGIENE', 3)": 341773.53,
  "('HYGIENE', 4)": 309296.38,
  "('HYGIENE', 5)": 432036.03,
  "('HYGIENE', 6)": 555264.88,
  "('HYGIENE', 7)": 466678.21,
  "('HYGIENE', 8)": 427549.92,
  "('HYGIENE', 9)": 409187.3,
  "('HYGIENE', 10)": 347315.16,
  "('HYGIENE', 11)": 511624.12,
  "('HYGIENE', 12)": 1177258.4299999999,
  "('MAQUILLAGE', 1)": 1069303.54,
  "('MAQUILLAGE', 2)": 761600.95,
  "('MAQUILLAGE', 3)": 885400.1799999999,
  "('MAQUILLAGE', 4)": 860841.86,
  "('MAQUILLAGE', 5)": 921442.1799999999,
  "('MAQUILLAGE', 6)": 961610.15,
  "('MAQUILLAGE', 7)": 1004344.03,
  "('MAQUILLAGE', 8)": 777635.1899999999,
  "('MAQUILLAGE', 9)": 878485.16,
  "('MAQUILLAGE', 10)": 848425.21,
  "('MAQUILLAGE', 11)": 988559.24,
  "('MAQUILLAGE', 12)": 1265277.8200000001,
  "('MULTI FAMILLES', 1)": 49.0,
  "('MULTI FAMILLES', 2)": 7.0,
  "('MULTI FAMILLES', 3)": 5.0,
  "('MULTI FAMILLES', 4)": 20.0,
  "('MULTI FAMILLES', 5)": 10.0,
  "('MULTI FAMILLES', 6)": 5.0,
  "('MULTI FAMILLES', 10)": 30.0,
  "('MULTI FAMILLES', 11)": 5.0,
  "('MULTI FAMILLES', 12)": 5.0,
  "('PARFUMAGE', 1)": 739008.52,
  "('PARFUMAGE', 2)": 481806.92,
  "('PARFUMAGE', 3)": 507465.18,
  "('PARFUMAGE', 4)": 631751.33,
  "('PARFUMAGE', 5)": 861987.3,
  "('PARFUMAGE', 6)": 801565.8199999999,
  "('PARFUMAGE', 7)": 860737.9399999999,
  "('PARFUMAGE', 8)": 534196.54,
  "('PARFUMAGE', 9)": 623473.72,
  "('PARFUMAGE', 10)": 597408.8199999999,
  "('PARFUMAGE', 11)": 626595.67,
  "('PARFUMAGE', 12)": 1198168.54,
  "('SANTE NATURELLE', 1)": 14.95,
  "('SOINS DU CORPS', 1)": 416242.35,
  "('SOINS DU CORPS', 2)": 293676.64,
  "('SOINS DU CORPS', 3)": 374832.81,
  "('SOINS DU CORPS', 4)": 355890.44,
  "('SOINS DU CORPS', 5)": 434691.24,
  "('SOINS DU CORPS', 6)": 520779.02,
  "('SOINS DU CORPS', 7)": 518863.54,
  "('SOINS DU CORPS', 8)": 320029.11,
  "('SOINS DU CORPS', 9)": 333129.47,
  "('SOINS DU CORPS', 10)": 272072.46,
  "('SOINS DU CORPS', 11)": 354325.64,
  "('SOINS DU CORPS', 12)": 637864.8100000001,
  "('SOINS DU VISAGE', 1)": 1054793.8,
  "('SOINS DU VISAGE', 2)": 848299.37,
  "('SOINS DU VISAGE', 3)": 944491.61,
  "('SOINS DU VISAGE', 4)": 786229.13,
  "('SOINS DU VISAGE', 5)": 860602.52,
  "('SOINS DU VISAGE', 6)": 827990.73,
  "('SOINS DU VISAGE', 7)": 888903.22,
  "('SOINS DU VISAGE', 8)": 711770.12,
  "('SOINS DU VISAGE', 9)": 863352.84,
  "('SOINS DU VISAGE', 10)": 815317.33,
  "('SOINS DU VISAGE', 11)": 893094.42,
  "('SOINS DU VISAGE', 12)": 1000721.64,
  "('SOLAIRES', 1)": 30914.73,
  "('SOLAIRES', 2)": 22939.49,
  "('SOLAIRES', 3)": 49510.01,
  "('SOLAIRES', 4)": 79754.9,
  "('SOLAIRES', 5)": 159500.2,
  "('SOLAIRES', 6)": 334309.65,
  "('SOLAIRES', 7)": 320368.64,
  "('SOLAIRES', 8)": 85523.59,
  "('SOLAIRES', 9)": 40695.49,
  "('SOLAIRES', 10)": 17488.03,
  "('SOLAIRES', 11)": 13007.51,
  "('SOLAIRES', 12)": 12776.7
}

